{
  // peers from external source
  //"peersURL": "https://raw.githubusercontent.com/rupay/rupay-public/master/peers.json",
  // Blocks period [sec], minumum: 3, default: 30
  // "blockPeriod": 30,
  // external Block Explorer
  "explorer": "http://scan.rupay.pro:9077",

  "cloneChain": "Chain Licence Agreement.pdf",

  "startKey": {
    //"assets": -1,
    //"persons": 16384,
    //"polls": -1,
    //"statuses": -1
  },

  // switch ON multi-level referals system. Default is true
  "referalsOn": true,

  // Set valid all transactions before the height. Defaul = 0
  //"allValidBefore": 28000,

  // Protect from send assets from personal account to anonymous address. Default = true
  "protectSendToAnonymous": false,

  //
  "assets": [
    // **** ASSET KEY, NAME, QUALITY, CREATOR ****
    /////// SPECIAL

    /////// CRYPTOCURRENCY
    [
      12,
      "BTC",
      0,
      "7PsEDvVphCpXwk7NrZyAyHNR7d6Fp57Xcy"
    ],
    [
      14,
      "ETH",
      0,
      "7PsEDvVphCpXwk7NrZyAyHNR7d6Fp57Xcy"
    ],
    [
      16,
      "BNB",
      0,
      "7PsEDvVphCpXwk7NrZyAyHNR7d6Fp57Xcy"
    ],
    [
      18,
      "DOGE",
      0,
      "7PsEDvVphCpXwk7NrZyAyHNR7d6Fp57Xcy"
    ],
    [
      20,
      "LTC",
      0,
      "7PsEDvVphCpXwk7NrZyAyHNR7d6Fp57Xcy"
    ],
    /////// FIATCURRENCY
    // https://www.iban.ru/currency-codes
    [
      1949,
      "TRY",
      0,
      "7PsEDvVphCpXwk7NrZyAyHNR7d6Fp57Xcy"
    ],
    [
      1702,
      "SGD",
      0,
      "7PsEDvVphCpXwk7NrZyAyHNR7d6Fp57Xcy"
    ],
    [
      1036,
      "AUD",
      0,
      "7PsEDvVphCpXwk7NrZyAyHNR7d6Fp57Xcy"
    ],
    [
      1756,
      "CHF",
      0,
      "7PsEDvVphCpXwk7NrZyAyHNR7d6Fp57Xcy"
    ],
    [
      1826,
      "GBP",
      0,
      "7PsEDvVphCpXwk7NrZyAyHNR7d6Fp57Xcy"
    ],
    [
      1392,
      "JPY",
      0,
      "7PsEDvVphCpXwk7NrZyAyHNR7d6Fp57Xcy"
    ],
    [
      1643,
      "RUB",
      0,
      "7PsEDvVphCpXwk7NrZyAyHNR7d6Fp57Xcy"
    ],
    [
      1156,
      "CNY",
      0,
      "7PsEDvVphCpXwk7NrZyAyHNR7d6Fp57Xcy"
    ],
    [
      1978,
      "EUR",
      0,
      "7PsEDvVphCpXwk7NrZyAyHNR7d6Fp57Xcy"
    ],
    [
      1840,
      "USD",
      0,
      "7PsEDvVphCpXwk7NrZyAyHNR7d6Fp57Xcy"
    ],
    /////// COMMODITY
    [
      3003,
      "GOLD",
      0,
      "7PsEDvVphCpXwk7NrZyAyHNR7d6Fp57Xcy"
    ],
    [
      3103,
      "OIL",
      0,
      "7PsEDvVphCpXwk7NrZyAyHNR7d6Fp57Xcy"
    ],
    [
      3105,
      "GAS",
      0,
      "7PsEDvVphCpXwk7NrZyAyHNR7d6Fp57Xcy"
    ],
    [
      3107,
      "BRENT",
      0,
      "7PsEDvVphCpXwk7NrZyAyHNR7d6Fp57Xcy"
    ]
  ],

  "persons": [
    // PERSON KEY, NAME, BIRTH TIMESTAMP, CREATOR
  ]
}